<?xml version="1.0" encoding="UTF-8"?>

<!DOCTYPE mapper
  PUBLIC "-//mybatis.org//DTD Mapper 3.0//EN"
  "http://mybatis.org/dtd/mybatis-3-mapper.dtd">
  	
<mapper namespace="used.adminImpl">
	
	<select id="memberlist" resultType="used.adminDTO">
	SELECT*FROM MEMBER 
	</select>
	
	<select id="view" resultType = "used.adminDTO" parameterType="used.adminDTO">
		SELECT*FROM member WHERE id=#{id}
	</select>
	
	<update id="membermodify" parameterType="used.adminDTO">
	UPDATE member 
	SET pass=#{pass}, name=#{name}, email=#{email}, phone=#{phone}, address=#{address}, gender=#{gender}, grade=#{grade}
	where id=#{id}
	</update>
	
	<delete id="memberdelete">
		DELETE FROM member WHERE id=#{id}
	</delete>
	
	<select id="boardlist" resultType="used.aBoardDTO">
	SELECT*FROM board WHERE flag=#{flag}
	</select>
	
	<select id="boardview" resultType = "used.aBoardDTO" parameterType="used.aBoardDTO">
		SELECT*FROM board WHERE idx=#{idx}
	</select>
	
	<update id="aBoardmodify" parameterType="used.aBoardDTO">
	UPDATE board 
	SET title=#{title}, contents=#{contents}, attachedfile=#{attachedfile}, hits=#{hits}
	where idx=#{idx}
	</update>
	
	<delete id="aBoarddelete">
		DELETE FROM board WHERE idx=#{idx}
	</delete>
	
	<insert id="aBoardwrite" parameterType="used.aBoardDTO">
	<selectKey keyProperty="idx" resultType="string" order="BEFORE">
    select board_SEQ.nextval FROM DUAL
  </selectKey>
		INSERT INTO board (idx, id, title, contents, attachedfile, flag) VALUES
		(#{idx}, #{id}, #{title}, #{contents}, #{attachedfile,jdbcType=VARCHAR}, #{flag})
	
	</insert>
	
	<select id="aProductlist" resultType="used.productDTO">
		select * from product where traderule = #{param1}
	</select>
	
	<select id="aProductmodify" resultType="used.productDTO">
		select * from product where idx = #{param1}
	</select>
	
	<update id="aProductmodifyaction" parameterType="used.productDTO">
	update
		product
	set
		 pname=#{pname},lcategory=#{lcategory},mcategory=#{mcategory}
		 ,price=#{price},contents=#{contents},count=#{count},address=#{address,jdbcType=VARCHAR}
	where idx=#{idx}
	</update>
	
	<delete id="aProductdelete">
	
	delete from product where idx=#{param1}
	
	</delete>
	
	<select id="aAuctionlist" resultType="used.auctionDTO" >
	select*from auction
	</select>
	
	<select id="aAuctionmodify" resultType="used.auctionDTO" parameterType="used.auctionDTO">
	select*from auction where aidx = #{aidx}
	</select>
	
	<update id="aAuctionmodifyaction" parameterType="used.auctionDTO">
	update
		auction
	set
		atitle=#{atitle},lcategory=#{lcategory},mcategory=#{mcategory},edate=TO_DATE(#{edate},'yyyy-mm-dd hh24:mi:ss'),
		sprice=#{sprice},eprice=#{eprice},status=#{status}
	where aidx=#{aidx}
	
	</update>
	
	<delete id="aAuctiondelete">
	delete from auction where aidx=#{param1} on delete cascade
	
	</delete>
	
</mapper>
















