<?xml version="1.0" encoding="UTF-8"?>

<!DOCTYPE mapper
  PUBLIC "-//mybatis.org//DTD Mapper 3.0//EN"
  "http://mybatis.org/dtd/mybatis-3-mapper.dtd">
  	
<mapper namespace="used.auctionImpl">

<!-- 경매 리스트 -->
<select id="auctionlist" resultType="used.auctionDTO" parameterType="used.auctionDTO">
	select * from auction order by sdate desc
</select>

<select id="mauctionlist" resultType="used.auctionDTO">
		SELECT*FROM AUCTION WHERE lcategory=#{0} and mcategory=#{1}
	</select>
	
<!-- 경매물품 상세보기 -->
<select id="auctionview" resultType="used.auctionDTO" parameterType="used.auctionDTO">
	select
    	*
	from auction 
     where aidx=#{aidx}
</select>

<!-- 입찰 최고 금액 -->
<select id="maxbid" resultType="String" parameterType="used.bidDTO">
	select max(bprice) from bid where aidx=#{aidx}
</select>

<update id="updatebprice" parameterType="used.auctionDTO">
update
	auction
set
	bprice = #{bprice}
where aidx=#{aidx}	
</update>

<select id="selectsmsphone" resultType="String">
select
    phone
from member where id=(select mid from bid where bidx=#{param1})
</select>


<!-- 입찰하기 -->
<insert id = "bid" parameterType = "used.bidDTO">
	insert into bid(bidx,aidx,mid,bprice) 
	values (bid_seq.nextval,#{aidx},#{mid},#{bprice}) 
</insert>

<!-- 입찰현황 출력 -->
<select id="bidlist" parameterType="used.bidDTO" resultType="used.bidDTO">
	select*from bid where aidx=#{aidx} order by bprice desc
</select>
<!-- 임찰자 수 출력 -->
<select id="bidcount" parameterType="used.bidDTO" resultType="int">
	select count(*) from bid where aidx=#{aidx}
</select>

<update id="bidcountupdate" parameterType="used.auctionDTO">

update 
	auction	
set
	bidcount=#{bidcount}
where aidx=#{aidx}
</update>

<select id="selectTime" resultType="String">
	select 
		aidx ,to_char(edate,'yyyy-mm-dd hh24:mi:ss') 
	from 
		auction 
	where 
		to_char(sysdate,'yyyy-mm-dd hh24:mi:ss') &gt; to_char(edate,'yyyy-mm-dd hh24:mi:ss')
</select>

<select id="selectmessagestatus" resultType="String">
	select 
		message
	from
		auction
	where aidx=#{param1}
</select>

<update id="updatemessagestatus">
	update
		auction
	set
		message = '전송완료'
	where aidx=#{param1}

</update>

<update id="updateStatus" parameterType="used.auctionDTO">
update
	auction
set
	status=#{status}
where aidx=#{aidx}
</update>

<update id="updateStatusbid" parameterType="used.bidDTO">
update
	bid
set
	bstatus='입찰실패'
where aidx=#{aidx}
</update>

<select id="maxbidx" resultType="String">
select bidx from bid
	where bprice= (select max(bprice) from bid where aidx=#{aidx}) and aidx=#{aidx}
</select>

<update id="updateStatussuccess" parameterType="used.bidDTO">
update
	bid
set
	bstatus=#{bstatus}
where
	bidx=#{bidx}
</update>





<update id="updatepay">
update 
    pay
set
    sum = sum + #{param1}
    where id = (select mid from auction where aidx= #{param2}) 

</update>

<select id="bidbreakdown" resultType="used.auctionDTO">
	select
     *
 from auction a
     inner join bid b
         on a.aidx = b.aidx  
     where b.mid = #{param1}
</select>

<insert id="auctionInsertAction" parameterType="used.auctionDTO">
   <selectKey keyProperty="aidx" resultType="string" order="BEFORE">
    select auction_SEQ.nextval FROM DUAL
  </selectKey>
      insert into auction (aidx, mid, lcategory, mcategory, attachedfile1, atitle, bprice, acontent, edate, sprice, eprice) 
      values ( #{aidx}, #{mid}, #{lcategory}, #{mcategory}, #{attachedfile1}, #{atitle}, #{sprice},#{acontent}, to_date(#{edate},'yyyy-mm-dd hh24:mi:ss'),#{sprice},#{eprice})
   </insert>

<update id="directbuy">

update auction set edate = sysdate where aidx = #{param1}

</update>
</mapper>






