<?xml version="1.0" encoding="UTF-8"?>

<!DOCTYPE mapper
  PUBLIC "-//mybatis.org//DTD Mapper 3.0//EN"
  "http://mybatis.org/dtd/mybatis-3-mapper.dtd">
  	
<mapper namespace="com.used.chat.ChatImpl">

	
	
	<select id="getRoomList" resultType = "String" parameterType="String">
		SELECT roomid FROM chatroomlist WHERE userid1=#{value} OR userid2=#{value}
	</select>
	<select id="getRoomList2" resultType = "com.used.chat.ChatRoomlist" parameterType="String">
		SELECT * FROM chatroomlist WHERE userid1=#{value} OR userid2=#{value}
	</select>
	<select id="checkList" resultType = "integer" parameterType="String">
		SELECT * FROM chatroomlist WHERE roomid=#{value}
	</select>
	<insert id="createRoom" parameterType="String">
		INSERT INTO chatroomlist VALUES (#{0}, #{1}, #{2})
	</insert>
	<select id="getlog" resultType="com.used.chat.ChatMessage" parameterType="String">
		SELECT roomid as chatRoomId, sender as writer, message, time FROM chat WHERE roomid=#{value} order by time ASC
	</select>
	<insert id="chat" parameterType="String">
		INSERT INTO chat VALUES (#{0}, #{1}, #{2}, sysdate)
	</insert>
</mapper> 
 
