<?xml version="1.0" encoding="UTF-8"?> 

<!DOCTYPE mapper
  PUBLIC "-//mybatis.org//DTD Mapper 3.0//EN"
  "http://mybatis.org/dtd/mybatis-3-mapper.dtd">
  
  <!-- 
  	mapper의 namespace속성
  		- 해당 인터페이스는 컨트롤러와 Mapper(DAO) 사이에서 중재자 역할을 하는 서비스 객체로 사용
  		
  	id속성
		: 실제 호출되는 함수명과 동일한 이름으로 기술한다. 
	resultType
		: 쿼리 실행후 반환되는 값의 타입을 명시한다.
		이 때는 패키지명을 포함한 풀경로를 기술해야 한다. 	
	parameterType
		: 쿼리문에서 사용할 파라미터를 저장한 DTO 혹은 VO객체의 타입을 명시한다. 
		패키지명을 포함한 풀경로를 기술해야 한다.  
   -->
  <mapper namespace = "used.freeboardImpl">

  	<select id = "boardlist" resultType = "used.freeboardDTO">
  		select * from board where flag=#{flag} order by postdate desc
  	</select>
  	
  	<!-- 많은 게시판 중 자유게시판이니까 flag값이 필요하고, 많은 게시물 중 하나의 게시물이니까 idx값이 필요하다! -->
  	<select id = "freeboardView" resultType = "used.freeboardDTO" parameterType="used.freeboardDTO">
		select * from board
			where flag=#{flag} and idx=#{idx}
	</select>
	
	<!-- 글쓰기(첨부파일있음) -->
	<insert id= "freeboardWrite" parameterType = "used.freeboardDTO">
		<selectKey keyProperty="idx" resultType="string" order="BEFORE">
	    	select board_SEQ.nextval FROM DUAL
	  	</selectKey>
		INSERT INTO board (idx, id, title, contents, attachedfile, flag)
		VALUES
		(#{idx}, #{id}, #{title}, #{contents}, #{attachedfile}, #{flag}) 
		
	</insert>	
	
	<!-- 글쓰기(첨부파일없음) -->
	<insert id= "freeboardWriteNoFile" parameterType = "used.freeboardDTO">
		<selectKey keyProperty="idx" resultType="string" order="BEFORE">
	    	select board_SEQ.nextval FROM DUAL
	  	</selectKey>
		INSERT INTO board (idx, id, title, contents, flag)
		VALUES
		(#{idx}, #{id}, #{title}, #{contents}, #{flag}) 
		
	</insert>	
	<!-- 수정하기 -->
	<!-- 매퍼에 작성한 쿼리문 실행 freeboardModify를 Impl, mapper id와 일치시켜야 한다. -->
	<update id = "freeboardModify" parameterType="used.freeboardDTO">
		UPDATE board 
			SET title=#{title}, contents=#{contents}
			where flag='free' and idx=#{idx}
	</update>

	<!-- 삭제하기 -->
  	<delete id="freeboardDelete">
		DELETE FROM board WHERE flag='free' and idx=#{param1}
	</delete>
  	
  	<!-- 검색부분 -->
  	<select id="getTotalCount" resultType="int" parameterType="used.freeboardDTO">
		SELECT COUNT(*) FROM board		
		<if test="searchTxt!=null">
			WHERE
			<foreach collection="searchTxt" item="str" open="(" close=")" 
				separator="or">
				${searchField} like '%'||#{str}||'%'
			</foreach>		 
		</if>			
	</select>

	<!-- 페이징처리 -->
	<select id="listPage" resultType = "used.freeboardDTO" parameterType="used.freeboardDTO">			
		SELECT * FROM (
		    SELECT Tb.*, rownum rNum FROM (
		        SELECT * FROM board
		        <if test="searchTxt!=null">
					WHERE
					<foreach collection="searchTxt" item="str" open="(" close=")" separator="or">
						${searchField} like '%'||#{str}||'%'
					</foreach> 
				</if>			      				
		        ORDER BY idx DESC
		    ) Tb
		)
		WHERE rNum BETWEEN #{start} AND #{end}
	</select>
	
	<!-- 조회수 -->   
   <update id = "freeboardHits"  
   parameterType="used.freeboardDTO">
      UPDATE board 
         SET 
            hits = hits+1
         where flag='free' and idx=#{idx}
   </update>
  
  </mapper>
  
  
  
  