<?xml version="1.0" encoding="UTF-8"?> 

<!DOCTYPE mapper
  PUBLIC "-//mybatis.org//DTD Mapper 3.0//EN"
  "http://mybatis.org/dtd/mybatis-3-mapper.dtd">
  
  
  <mapper namespace = "used.inquiryImpl">
	
	<!-- 글쓰기(첨부파일없음) -->
	<insert id= "inquiryWrite" parameterType = "used.inquiryDTO">
		<selectKey keyProperty="idx" resultType="string" order="BEFORE">
	    	select inquiry_SEQ.nextval FROM DUAL
	  	</selectKey>
		INSERT INTO inquiry (idx, title,sender, content)
		VALUES
		(#{idx},#{title}, #{sender}, #{content}) 
	</insert>	
	
	<!-- 리스트 -->
	<select id = "inquirylist" resultType = "used.inquiryDTO">
  		select * from inquiry 
  	</select>
	
	<!-- 상세보기 -->
  	<select id = "inquiryView" resultType = "used.inquiryDTO" parameterType="used.inquiryDTO">
		select * from inquiry
			where idx=#{idx}
	</select>

  </mapper>
  
  
  
  