<?xml version="1.0" encoding="UTF-8"?>

<!DOCTYPE mapper
  PUBLIC "-//mybatis.org//DTD Mapper 3.0//EN"
  "http://mybatis.org/dtd/mybatis-3-mapper.dtd">

<mapper namespace="used.mainImpl">

	<insert id="registration" parameterType="used.memberDTO">
		<selectKey keyProperty="idx" resultType="int" order="BEFORE">
			select
			member_SEQ.nextval FROM DUAL
		</selectKey>
		INSERT INTO member (idx, id, pass, name, email, phone, address,
		gender)
		VALUES
		(#{idx}, #{id}, #{pass}, #{name}, #{email}, #{phone},
		#{address},
		#{gender})
		
	</insert>
	
	<insert id="regipay">
		INSERT INTO pay (id, sum) values (#{param1},'0')
	</insert>
	

	<select id="idchk" resultType="int">
		SELECT COUNT(*) FROM MEMBER
		WHERE id = #{id}
	</select>
	
	<!-- SNS -->
	<select id="socialEmail" resultType = "Integer" parameterType="String">
		SELECT*FROM member WHERE id=#{id}
	</select>
	
	<insert id="socialInsert" parameterType="used.memberDTO">
	<selectKey keyProperty="idx" resultType="int" order="BEFORE">
    select member_SEQ.nextval FROM DUAL
  	</selectKey>
		INSERT INTO member(idx,id,name,grade) values(#{idx},#{id},#{name},#{grade})
	</insert>
	
	<!-- emoney 출력 -->
	<select id="emoney" resultType="String">
		SELECT sum FROM pay WHERE ID = #{param1}
	</select>
	
	<!-- emoney 충전  -->
	<update id="charge" parameterType="used.payDTO">
		update pay set sum = sum + #{sum} where id = #{id}
	</update>
	
	<!-- emoney 충전  -->
	<update id="subtractEmoney">
		update pay set sum = sum - #{param1} where id = #{param2}
	</update>
	
	<select id="find_by_Email" resultType="used.memberDTO" parameterType="used.memberDTO">
		SELECT * FROM MEMBER
		WHERE email = #{email} and id=#{id}
	</select>
	<select id="find_by_Id" resultType="used.memberDTO" parameterType="used.memberDTO">
		SELECT * FROM MEMBER
		WHERE email = #{email}
	</select>
	
	
	<!-- Android Login -->
	<select id="androidLogin" resultType="used.memberDTO" parameterType="used.memberDTO">
		SELECT * FROM member WHERE id=#{id} and pass=#{pass}
	</select>
	<!-- Android overlapChk -->
	<select id="androidLapChk" parameterType="used.memberDTO" resultType="Integer">
		SELECT * FROM MEMBER WHERE id = #{id}
	</select>
	
	<insert id="androidInsertMember" parameterType="used.memberDTO">
		<selectKey keyProperty="idx" resultType="int" order="BEFORE">
			select
			member_SEQ.nextval FROM DUAL
		</selectKey>
		INSERT INTO member (idx, id, pass, name, email, phone, grade)
		VALUES
		(#{idx}, #{id}, #{pass}, #{name}, #{email}, #{phone}, 'USER')
		
	</insert>
</mapper>

















