<?xml version="1.0" encoding="UTF-8"?>

<!DOCTYPE mapper
  PUBLIC "-//mybatis.org//DTD Mapper 3.0//EN"
  "http://mybatis.org/dtd/mybatis-3-mapper.dtd">
  	
<mapper namespace="used.mainImpl">
	
	<select id="productView" resultType = "used.productDTO" parameterType="used.productDTO">
		SELECT*FROM product WHERE idx=#{idx}
	</select>
	<select id="productlist" resultType="used.productDTO">
	SELECT*FROM PRODUCT WHERE traderule='온라인거래' and result not like'%판매종료%' order by postdate desc
	</select>
	
	
	
	
	
	<select id="mproductlist" resultType="used.productDTO">
		SELECT*FROM PRODUCT WHERE lcategory=#{0} and mcategory=#{1} and traderule='온라인거래'
	</select>
	<select id="mdirectlist" resultType="used.productDTO">
		SELECT*FROM PRODUCT WHERE lcategory=#{0} and mcategory=#{1} and traderule='직거래'
	</select>
	
	
	
	
	
	
	<!-- 현재위치 물품목록 받아오기 -->
	<select id="productlistNowAddr" resultType="used.productDTO">
	SELECT*FROM PRODUCT WHERE address LIKE '%'||#{address}||'%' ORDER BY postdate DESC
	</select>
	<!-- 직거래 목록 받아오기 -->
	<select id="directList" resultType="used.productDTO">
	SELECT*FROM PRODUCT WHERE traderule='직거래' order by postdate desc

	</select>
	<!-- 직거래 현재 위치 -->
	<select id="directListNowAddr" resultType="used.productDTO">
	SELECT*FROM PRODUCT WHERE traderule='직거래' and address LIKE '%'||#{address}||'%' ORDER BY postdate DESC
	</select>
	<insert id="cart" parameterType="used.cartDTO">
	<selectKey keyProperty="cidx" resultType="string" order="BEFORE">
    select cart_SEQ.nextval FROM DUAL
  </selectKey>
	INSERT INTO cart(cidx, id, idx, buycount, sellerid,price)
		values (#{cidx}, #{id}, #{idx}, #{buycount}, #{sellerid},#{price})
	</insert>
	
	
	
	<select id="cartList" resultType="used.cartlistDTO">
select
     row_number() over(order by c.cidx desc) as num,
     c.cidx, c.id, c.idx, c.buycount, c.adddate,
     p.pname, p.price, p.attachedfile1, p.count
 from cart c
     inner join product p
         on c.idx = p.idx   
     where c.id = #{id}

	</select>

	<delete id="deletecart">
		 delete cart
		     where cidx = #{cidx}
		</delete>
	
	<update id="cartupdate" parameterType="used.cartDTO">
	UPDATE cart
	SET buycount=#{buycount}
	where cidx=#{cidx}
	</update>
	
	<insert id="orders" parameterType="used.ordersDTO">

	insert into orders(ordernum, id, name, address, phone,sum)
		values(#{ordernum}, #{id}, #{name}, #{address}, #{phone},#{sum} )
	
	</insert>

	<insert id="orderdetail" parameterType="used.orderdetailDTO">
	<selectKey keyProperty="idx" resultType="string" order="BEFORE">
    select orderdetail_SEQ.nextval FROM DUAL
  </selectKey>
		insert into orderdetail(idx, ordernum,cidx,price,count,id,sellerid,pidx) 
			select #{idx},#{ordernum},cidx,price, buycount,id,sellerid,idx from cart where id=#{id}
	</insert>
	
	<select id="orderdetailidx" resultType="String">
	SELECT distinct idx FROM orderdetail where ordernum=#{ordernum}
	</select>
	
	<delete id="cartdelete">
		delete cart where id=#{id}
	</delete>
	
	<insert id="pay" parameterType="used.payDTO">
	<selectKey keyProperty="pidx" resultType="string" order="BEFORE">
    select pay_SEQ.nextval FROM DUAL
  </selectKey>
	insert into pay (pidx,id,sum) values (#{pidx},#{id},#{sum})
	</insert>
	
	<update id="cancelpay" parameterType="used.payDTO">
	update pay set sum=sum+#{sum} where id=#{id}
	
	</update>
	
	<select id="ordernum" resultType="String">
	SELECT distinct ordernum FROM orderdetail where idx=#{idx}
	</select>
	
	<select id="orderlist" resultType="used.ordersDTO">
	SELECT*FROM orders where ordernum = #{ordernum}
	
	</select>
	
	<select id="buylist" resultType="used.ordersDTO">
	SELECT*FROM orders where id=#{id} order by orderdate desc
	</select>

	<select id="buylistdetail" resultType="used.ordersDTO">
	select
	*
    from orders o 
        inner join orderdetail d 
            on d.ordernum = o.ordernum
            where o.ordernum = #{ordernum}
	</select>
	
	<update id="sellerreward">
	update pay set sum=sum+#{param1} where id=#{param2}
	</update>
	
	<select id="sellerprice" resultType="used.orderdetailDTO">
	select sellerid,price,count from orderdetail where idx=#{param1}
	</select>
	
	<select id="selllist" resultType="used.ordersDTO">
	select
	o.ordernum,o.phone,o.name,o.address,
    d.sellerid,d.id,d.cidx,d.pidx,d.count,d.status
    from orders o
        inner join orderdetail d
            on d.ordernum = o.ordernum
            where d.sellerid = #{id}
	</select>
	
	<select id="sellauction" resultType="used.auctionDTO">
	
	select * from auction where mid = #{param1}
	
	</select>
	
	<select id="allproduct" resultType="used.productDTO">
		select * from product where id = #{id}
	</select>
	
	
	<update id="updatestatus" parameterType="used.orderdetailDTO">
	update orderdetail
		set status=#{status}
	where cidx=#{cidx}
	</update>
	

	<!-- 상품수 감소  -->
	<update id="updatepcount" parameterType="used.productDTO">
		update product
			set count = count-#{count}
            where idx = #{idx}
	</update>
	
	<select id="checkcount" resultType="String">
	select idx from product where count &lt; 1
	</select>
	
	<delete id="dropproduct">
	update product set result = '판매종료' where idx=#{id}
	</delete>
	
	<select id="cartcount" resultType="String">
	select count(*) from cart where id=#{id}
	</select>
	
	<select id="cartsum" resultType="int">
	select price from cart where id=#{param1}
	
	</select>
	
	<update id="cancleReservation" parameterType="used.productDTO">
		update product set result='판매중', reservation='' where idx=#{idx}
	</update>
	
	
	<delete id="deleteReservation">
		delete from reservation where pidx=#{0} and id=#{1}
	</delete>
	
	<select id="getReservation" resultType="used.ReservationDTO">
			select
		    r.pidx, p.pname, p.id
		    from reservation r
		        inner join product p 
		            on r.pidx = p.idx
		            where r.id = #{value} and p.result='판매중' 
	</select>
	
	<insert id="productInsertAction" parameterType="used.productDTO">
    <selectKey keyProperty="idx" resultType="string" order="BEFORE">
    select product_SEQ.nextval FROM DUAL
  </selectKey>
      insert into product (idx, lcategory, mcategory, pname,attachedfile1, count,price, contents, id,traderule,result) 
      values ( #{idx}, #{lcategory}, #{mcategory}, #{pname},#{attachedfile1, jdbcType=VARCHAR}, #{count},#{price},#{contents},#{id},#{traderule},'판매중')
   </insert>
   
    <insert id="reserveInsert" parameterType="used.ReservationDTO">
    <selectKey keyProperty="idx" resultType="string" order="BEFORE">
    select reserve_SEQ.nextval FROM DUAL
    </selectKey>
   	insert into reservation (idx,pidx,id) 
   	values ( #{idx}, #{pidx}, #{id})
    </insert>
   
    <select id="checkReservation" resultType="String" parameterType="String" >
   	select count(*) from reservation where id = #{0} and pidx = #{1}
    </select>
   
    <select id="dProductList" resultType="used.productDTO">
	select * from product where traderule='직거래' and id=#{id}
	</select>
	<select id="dProductbuyList" resultType="used.productDTO">
	select * from product where traderule='직거래' and reservation=#{id}
	</select>
   <select id="reservationlist" resultType="used.ReservationDTO">
	select * from reservation where pidx = #{value}
	</select>
   
   <select id="getproductresult" resultType="String">
	select result from product where idx = #{value}
	</select>
	
   <update id="updateProduct" parameterType="used.productDTO">
		update product set result=#{result}, reservation=#{id} where idx=#{idx}
	</update>
	
   <insert id="directInsertAction" parameterType="used.productDTO">
   <selectKey keyProperty="idx" resultType="string" order="BEFORE">
    select product_SEQ.nextval FROM DUAL
  </selectKey>
      insert into product (idx, lcategory, mcategory, pname,attachedfile1, count,price, contents, id,traderule,address,result) 
      values ( #{idx}, #{lcategory}, #{mcategory}, #{pname},#{attachedfile1, jdbcType=VARCHAR}, #{count},#{price},#{contents},#{id},#{traderule},#{address},'판매중')

   </insert>
   
   <!-- 상품문의 하기 -->
   <insert id="insertQnA" parameterType="used.QnADTO">
   <selectKey keyProperty="qnaNum" resultType="string" order="BEFORE">
   	select qna_SEQ.nextval FROM DUAL
   </selectKey>
   	insert into product_qna (productNum, userid, qnaNum, qnaTitle,qnaCon,bgroup)
   	values (#{productNum},#{userid},#{qnaNum},#{qnaTitle},#{qnaCon},#{qnaNum})
   </insert>
   
	<!-- 상품문의 리스트 출력 -->
	<select id="qnaList" resultType="used.QnADTO" parameterType="used.QnADTO">			
		SELECT * FROM (
		    SELECT Tb.*, rownum rNum FROM (
		        SELECT * FROM product_qna 		      
				WHERE productNum=#{productNum}		
		        ORDER BY bgroup DESC, bstep ASC
		    ) Tb
		)
		WHERE rNum BETWEEN #{start} AND #{end}
	</select>
	<!-- 상품문의 상세보기 -->
	<select id="qnaView" resultType="used.QnADTO" parameterType="used.QnADTO">
	SELECT*FROM product_qna where qnaNum=#{qnaNum}
	</select>

<!-- 상품문의 답변달기 -->
	<insert id="qnaReply" parameterType="used.QnADTO">
	<selectKey keyProperty="qnaNum" resultType="string" order="BEFORE">
   	select qna_SEQ.nextval FROM DUAL
   </selectKey>
   insert into product_qna(productNum,userid,qnaNum,qnaTitle,qnaCon,bgroup,bstep,bindent)
	values(#{productNum},#{userid},#{qnaNum},#{qnaTitle},#{qnaCon},#{bgroup},#{bstep}+1,#{bindent}+1)
	</insert>
	<!-- 상품문의 총 레코드수 가져오기 -->
	<select id="getTotalCount" parameterType="used.QnADTO" resultType="int">
	select count(*) from product_qna where productNum=#{productNum}
	</select>
	
	<update id="replyPrevUpdate">
		UPDATE product_qna SET bstep = bstep+1 WHERE bgroup=#{0} AND bstep>#{1}
	
	</update>
	
	<select id="getSellerId" resultType="used.productDTO">
		SELECT * FROM product WHERE idx =#{0}
	</select>
	<!-- QnA 수정 -->
	<update id="qnaEdit">
		UPDATE product_qna
			SET qnaTitle = #{param2}, qnaCon=#{param3}
            WHERE qnaNum = #{param1}
	</update>
	<!-- QnA 삭제 -->
	<delete id="qnaDelete">
	DELETE FROM product_qna where bgroup = #{param1}
	</delete>
	
	
	<!-- Android -->
	<select id="aProductList" resultType="used.productDTO">
		SELECT * FROM product WHERE traderule='직거래' and address LIKE '%'||#{address}||'%' ORDER BY postdate DESC
	</select>
	<!-- Android -->
	<select id="aProductDetail" resultType="used.productDTO">
		SELECT * FROM product WHERE idx=#{idx}
	</select>
</mapper>























