<?xml version="1.0" encoding="UTF-8"?> 

<!DOCTYPE mapper
  PUBLIC "-//mybatis.org//DTD Mapper 3.0//EN"
  "http://mybatis.org/dtd/mybatis-3-mapper.dtd">
  
  <!-- 
  	mapper의 namespace속성
  		- 해당 인터페이스는 컨트롤러와 Mapper(DAO) 사이에서 중재자 역할을 하는 서비스 객체로 사용
  		
  	id속성
		: 실제 호출되는 함수명과 동일한 이름으로 기술한다. 
	resultType
		: 쿼리 실행후 반환되는 값의 타입을 명시한다.
		이 때는 패키지명을 포함한 풀경로를 기술해야 한다. 	
	parameterType
		: 쿼리문에서 사용할 파라미터를 저장한 DTO 혹은 VO객체의 타입을 명시한다. 
		패키지명을 포함한 풀경로를 기술해야 한다.  
   -->
  <mapper namespace = "used.reviewImpl">

  	<select id = "reboardlist" resultType = "used.reviewDTO">
  		select * from reviewboard where flag=#{flag} order by postdate desc
  	</select>
  	
  	<!-- 많은 게시판 중 자유게시판이니까 flag값이 필요하고, 많은 게시물 중 하나의 게시물이니까 idx값이 필요하다! -->
  	<select id = "reboardView" resultType = "used.reviewDTO" parameterType="used.reviewDTO">
		select * from reviewboard
			where flag=#{flag} and idx=#{idx}
	</select>
	
	<!-- 글쓰기(첨부파일있음)-->
	<insert id= "reboardWrite" parameterType = "used.reviewDTO">
		<selectKey keyProperty="idx" resultType="string" order="BEFORE">
	    	select reviewboard_SEQ.nextval FROM DUAL
	  	</selectKey>
		INSERT INTO reviewboard (idx, id, title, contents, attachedfile, flag)
		VALUES
		(#{idx}, #{id}, #{title}, #{contents}, #{attachedfile,jdbcType=VARCHAR}, #{flag}) 		
	</insert>	
	<!-- 글쓰기(첨부파일없음) -->
    <insert id= "reboardWriteNoFile" parameterType = "used.reviewDTO">
        <selectKey keyProperty="idx" resultType="string" order="BEFORE">
          select reviewboard_SEQ.nextval FROM DUAL
        </selectKey>
	    INSERT INTO reviewboard (idx, id, title, contents, flag)
	    VALUES
	    (#{idx}, #{id}, #{title}, #{contents}, #{flag})       
   </insert>
	
	<!-- 수정하기 -->
	<!-- 매퍼에 작성한 쿼리문 실행 freeboardModify를 Impl, mapper id와 일치시켜야 한다. -->
	<update id = "reboardModify" parameterType="used.reviewDTO">
		UPDATE reviewboard 
			SET title=#{title}, contents=#{contents}
			where flag='review' and idx=#{idx}
	</update>

	<!-- 삭제하기 -->
  	<delete id="reboardDelete">
		DELETE FROM reviewboard WHERE flag='review' and idx=#{param1}
	</delete>
  	
  	<!-- 검색부분 -->
  	<select id="getTotalCount" resultType="int" parameterType="used.reviewDTO">
		SELECT COUNT(*) FROM reviewboard		
		<if test="searchTxt!=null">
			WHERE
			<foreach collection="searchTxt" item="str" open="(" close=")" 
				separator="or">
				${searchField} like '%'||#{str}||'%'
			</foreach>		 
		</if>			
	</select>
	
	<!-- 페이징처리 -->
	<select id="listPage" resultType = "used.reviewDTO" parameterType="used.reviewDTO">			
		SELECT * FROM (
		    SELECT Tb.*, rownum rNum FROM (
		        SELECT * FROM reviewboard 		      
				<if test="searchTxt!=null">
					WHERE
					<foreach collection="searchTxt" item="str" open="(" close=")" separator="or">
						${searchField} like '%'||#{str}||'%'
					</foreach> 
				</if>					
		        ORDER BY postdate DESC
		    ) Tb
		)
		WHERE rNum BETWEEN #{start} AND #{end}
	</select>
	<!-- 조회수 -->	
	<update id = "reboardHits" parameterType="used.reviewDTO">
		UPDATE reviewboard 
			SET 
				hits = hits+1
			where flag='review' and idx=#{idx}
	</update>
	<!-- 댓글 -->	 
	<select id="commentCount" resultType="used.commentDTO">
        SELECT
            COUNT(*)
        FROM COMENT
    </select>
    
    <select id="commentList" resultType="used.commentDTO">
        SELECT
            *
        FROM coment        
    </select>    
    
    <insert id="commentInsert" parameterType="used.commentDTO">
        INSERT INTO 
        coment (cno, bno, contents, writer, postdate)
        VALUES (#{cno}, #{bno}, #{contents}, #{writer}, #{postdate})        
    </insert>
    
    <update id="commentUpdate" parameterType="used.commentDTO">
        UPDATE coment
            SET
            contents = #{contents}
        WHERE cno = #{cno}
    </update>
    
    <delete id="commentDelete" parameterType="used.commentDTO">
        DELETE FROM COMMENT WHERE cno = #{cno}
    </delete>
    
  
  </mapper>
  
  
  
  