<?xml version="1.0" encoding="UTF-8"?>
<beans xmlns="http://www.springframework.org/schema/beans"
   xmlns:xsi="http://www.w3.org/2001/XMLSchema-instance"
   xsi:schemaLocation="http://www.springframework.org/schema/beans https://www.springframework.org/schema/beans/spring-beans.xsd">

   <!-- Root Context: defines shared resources visible to all other web components -->
   <!-- 스프링 시큐리티에서는 DB연결을 위한 빈생성을 root-context에 기술한다. -->
   <bean name="dataSource"
      class="org.springframework.jdbc.datasource.DriverManagerDataSource">
      <property name="driverClassName"
         value="oracle.jdbc.OracleDriver" />
      <property name="url"
         value="jdbc:oracle:thin:@localhost:1521:orcl" />
      <property name="username" value="used" />
      <property name="password" value="1234" />
   </bean>
   <!-- gmail설정 -->
   <bean id="mailSender2"
      class="org.springframework.mail.javamail.JavaMailSenderImpl">
      <property name="host" value="smtp.gmail.com" />
      <property name="port" value="587" />
      <property name="username" value="gangmin4853@gmail.com" /> <!-- 자신의 이메일 아이디 -->
      <property name="password" value="dlrkdals13!" /> <!-- 자신의 비밀번호 -->
      <!-- 보안연결 TLS과 관련된 설정 -->
      <property name="javaMailProperties">
         <props>
            <prop key="mail.transport.protocol">smtp</prop>
            <prop key="mail.smtp.auth">true</prop>
            <prop key="mail.smtp.starttls.enable">true</prop>
            <prop key="mail.debug">true</prop>

         </props>
      </property>
   </bean>


</beans>