<?xml version="1.0" encoding="UTF-8"?>
<beans:beans xmlns:beans="http://www.springframework.org/schema/beans"
	xmlns:xsi="http://www.w3.org/2001/XMLSchema-instance"
	xmlns="http://www.springframework.org/schema/security"
	xsi:schemaLocation="http://www.springframework.org/schema/beans http://www.springframework.org/schema/beans/spring-beans.xsd
		http://www.springframework.org/schema/security http://www.springframework.org/schema/security/spring-security-4.2.xsd">
	<http security="none" pattern="/android/**"></http>
	<http>
		<intercept-url pattern="/login.do" 
			access="permitAll" />
		<intercept-url pattern="/admin"
			access="hasRole('ADMIN')"/>
		<intercept-url pattern="/directinsert.do" 
			access="hasRole('USER')" />
		<intercept-url pattern="/productinsert.do" 
			access="hasRole('USER')" />
		<intercept-url pattern="/auctioninsert.do" 
			access="hasRole('USER')" />
		<intercept-url pattern="/insert_qna.do"
			access="hasRole('USER')"/>
		<form-login 
			login-page="/login.do"
			default-target-url="/"
			authentication-failure-url="/security2/login.do?error"
			login-processing-url="/loginAction" 
			username-parameter="id"  
			password-parameter="pass" />
		<logout 
			logout-url="/logout"
			logout-success-url="/"/>
		 <access-denied-handler 
			error-page="/login.do" />
	</http>
	<!-- 각 권한을 획득하기 위한 설정부분 -->
	<authentication-manager>
		<authentication-provider>
			<jdbc-user-service 
				data-source-ref="dataSource"
				role-prefix="ROLE_"
				users-by-username-query="SELECT
					id, pass, enable
					FROM member WHERE id=?"
					authorities-by-username-query="SELECT
					id, grade
					FROM member WHERE id=?"/>			
		</authentication-provider>
	</authentication-manager>
	
</beans:beans>
